{"type":"FeatureCollection","features":[{"type":"Feature","geometry":{"type":"Polygon","coordinates":[[[-77.28515625,25.029296875],[-77.28515625,25.0390625],[-77.275390625,25.0390625],[-77.275390625,25.029296875],[-77.28515625,25.029296875]]]},"properties":{"status":"OK","cell_id":434250006,"storm_name":"Unnamed","storm_year":1866,"storm_id":"1866264N11342","wind_speed":102.53,"event_id":"Unnamed_1866_1866264N11342_Historical_USA_NA","query_geometry":{"coordinates":[-77.28,25.03],"type":"Point"}}},{"type":"Feature","geometry":{"type":"Polygon","coordinates":[[[-77.28515625,25.029296875],[-77.28515625,25.0390625],[-77.275390625,25.0390625],[-77.275390625,25.029296875],[-77.28515625,25.029296875]]]},"properties":{"status":"OK","cell_id":434250006,"storm_name":"Unnamed","storm_year":1949,"storm_id":"1949235N18300","wind_speed":90.1,"event_id":"Unnamed_1949_1949235N18300_Historical_USA_NA","query_geometry":{"coordinates":[-77.28,25.03],"type":"Point"}}},{"type":"Feature","geometry":{"type":"Polygon","coordinates":[[[-77.28515625,25.029296875],[-77.28515625,25.0390625],[-77.275390625,25.0390625],[-77.275390625,25.029296875],[-77.28515625,25.029296875]]]},"properties":{"status":"OK","cell_id":434250006,"storm_name":"Matthew","storm_year":2016,"storm_id":"2016273N13300","wind_speed":91.96,"event_id":"Matthew_2016_2016273N13300_Historical_USA_NA","query_geometry":{"coordinates":[-77.28,25.03],"type":"Point"}}},{"type":"Feature","geometry":{"type":"Polygon","coordinates":[[[-77.28515625,25.029296875],[-77.28515625,25.0390625],[-77.275390625,25.0390625],[-77.275390625,25.029296875],[-77.28515625,25.029296875]]]},"properties":{"status":"OK","cell_id":434250006,"storm_name":"Andrew","storm_year":1992,"storm_id":"1992230N11325","wind_speed":88.86,"event_id":"Andrew_1992_1992230N11325_Historical_USA_NA","query_geometry":{"coordinates":[-77.28,25.03],"type":"Point"}}},{"type":"Feature","geometry":{"type":"Polygon","coordinates":[[[-77.28515625,25.029296875],[-77.28515625,25.0390625],[-77.275390625,25.0390625],[-77.275390625,25.029296875],[-77.28515625,25.029296875]]]},"properties":{"status":"OK","cell_id":434250006,"storm_name":"Betsy","storm_year":1965,"storm_id":"1965239N11310","wind_speed":82.64,"event_id":"Betsy_1965_1965239N11310_Historical_USA_NA","query_geometry":{"coordinates":[-77.28,25.03],"type":"Point"}}},{"type":"Feature","geometry":{"type":"Polygon","coordinates":[[[-77.28515625,25.029296875],[-77.28515625,25.0390625],[-77.275390625,25.0390625],[-77.275390625,25.029296875],[-77.28515625,25.029296875]]]},"properties":{"status":"OK","cell_id":434250006,"storm_name":"Unnamed","storm_year":1871,"storm_id":"1871229N11329","wind_speed":64.0,"event_id":"Unnamed_1871_1871229N11329_Historical_USA_NA","query_geometry":{"coordinates":[-77.28,25.03],"type":"Point"}}},{"type":"Feature","geometry":{"type":"Polygon","coordinates":[[[-77.28515625,25.029296875],[-77.28515625,25.0390625],[-77.275390625,25.0390625],[-77.275390625,25.029296875],[-77.28515625,25.029296875]]]},"properties":{"status":"OK","cell_id":434250006,"storm_name":"Irene","storm_year":2011,"storm_id":"2011233N15301","wind_speed":62.76,"event_id":"Irene_2011_2011233N15301_Historical_USA_NA","query_geometry":{"coordinates":[-77.28,25.03],"type":"Point"}}},{"type":"Feature","geometry":{"type":"Polygon","coordinates":[[[-77.28515625,25.029296875],[-77.28515625,25.0390625],[-77.275390625,25.0390625],[-77.275390625,25.029296875],[-77.28515625,25.029296875]]]},"properties":{"status":"OK","cell_id":434250006,"storm_name":"Unnamed","storm_year":1945,"storm_id":"1945255N19302","wind_speed":59.03,"event_id":"Unnamed_1945_1945255N19302_Historical_USA_NA","query_geometry":{"coordinates":[-77.28,25.03],"type":"Point"}}},{"type":"Feature","geometry":{"type":"Polygon","coordinates":[[[-77.28515625,25.029296875],[-77.28515625,25.0390625],[-77.275390625,25.0390625],[-77.275390625,25.029296875],[-77.28515625,25.029296875]]]},"properties":{"status":"OK","cell_id":434250006,"storm_name":"Frances","storm_year":2004,"storm_id":"2004238N11325","wind_speed":58.41,"event_id":"Frances_2004_2004238N11325_Historical_USA_NA","query_geometry":{"coordinates":[-77.28,25.03],"type":"Point"}}},{"type":"Feature","geometry":{"type":"Polygon","coordinates":[[[-77.28515625,25.029296875],[-77.28515625,25.0390625],[-77.275390625,25.0390625],[-77.275390625,25.029296875],[-77.28515625,25.029296875]]]},"properties":{"status":"OK","cell_id":434250006,"storm_name":"Unnamed","storm_year":1870,"storm_id":"1870278N18286","wind_speed":57.79,"event_id":"Unnamed_1870_1870278N18286_Historical_USA_NA","query_geometry":{"coordinates":[-77.28,25.03],"type":"Point"}}},{"type":"Feature","geometry":{"type":"Polygon","coordinates":[[[-77.28515625,25.029296875],[-77.28515625,25.0390625],[-77.275390625,25.0390625],[-77.275390625,25.029296875],[-77.28515625,25.029296875]]]},"properties":{"status":"OK","cell_id":434250006,"storm_name":"Unnamed","storm_year":1946,"storm_id":"1946255N24281","wind_speed":57.79,"event_id":"Unnamed_1946_1946255N24281_Historical_USA_NA","query_geometry":{"coordinates":[-77.28,25.03],"type":"Point"}}},{"type":"Feature","geometry":{"type":"Polygon","coordinates":[[[-77.28515625,25.029296875],[-77.28515625,25.0390625],[-77.275390625,25.0390625],[-77.275390625,25.029296875],[-77.28515625,25.029296875]]]},"properties":{"status":"OK","cell_id":434250006,"storm_name":"Michelle","storm_year":2001,"storm_id":"2001303N13276","wind_speed":58.41,"event_id":"Michelle_2001_2001303N13276_Historical_USA_NA","query_geometry":{"coordinates":[-77.28,25.03],"type":"Point"}}},{"type":"Feature","geometry":{"type":"Polygon","coordinates":[[[-77.28515625,25.029296875],[-77.28515625,25.0390625],[-77.275390625,25.0390625],[-77.275390625,25.029296875],[-77.28515625,25.029296875]]]},"properties":{"status":"OK","cell_id":434250006,"storm_name":"Fox","storm_year":1952,"storm_id":"1952295N11282","wind_speed":55.92,"event_id":"Fox_1952_1952295N11282_Historical_USA_NA","query_geometry":{"coordinates":[-77.28,25.03],"type":"Point"}}},{"type":"Feature","geometry":{"type":"Polygon","coordinates":[[[-77.28515625,25.029296875],[-77.28515625,25.0390625],[-77.275390625,25.0390625],[-77.275390625,25.029296875],[-77.28515625,25.029296875]]]},"properties":{"status":"OK","cell_id":434250006,"storm_name":"David","storm_year":1979,"storm_id":"1979238N12324","wind_speed":54.68,"event_id":"David_1979_1979238N12324_Historical_USA_NA","query_geometry":{"coordinates":[-77.28,25.03],"type":"Point"}}},{"type":"Feature","geometry":{"type":"Polygon","coordinates":[[[-77.28515625,25.029296875],[-77.28515625,25.0390625],[-77.275390625,25.0390625],[-77.275390625,25.029296875],[-77.28515625,25.029296875]]]},"properties":{"status":"OK","cell_id":434250006,"storm_name":"Floyd","storm_year":1999,"storm_id":"1999251N15314","wind_speed":53.44,"event_id":"Floyd_1999_1999251N15314_Historical_USA_NA","query_geometry":{"coordinates":[-77.28,25.03],"type":"Point"}}},{"type":"Feature","geometry":{"type":"Polygon","coordinates":[[[-77.28515625,25.029296875],[-77.28515625,25.0390625],[-77.275390625,25.0390625],[-77.275390625,25.029296875],[-77.28515625,25.029296875]]]},"properties":{"status":"OK","cell_id":434250006,"storm_name":"Unnamed","storm_year":1854,"storm_id":"1854246N25300","wind_speed":49.71,"event_id":"Unnamed_1854_1854246N25300_Historical_USA_NA","query_geometry":{"coordinates":[-77.28,25.03],"type":"Point"}}},{"type":"Feature","geometry":{"type":"Polygon","coordinates":[[[-77.28515625,25.029296875],[-77.28515625,25.0390625],[-77.275390625,25.0390625],[-77.275390625,25.029296875],[-77.28515625,25.029296875]]]},"properties":{"status":"OK","cell_id":434250006,"storm_name":"Wilma","storm_year":2005,"storm_id":"2005289N18282","wind_speed":49.09,"event_id":"Wilma_2005_2005289N18282_Historical_USA_NA","query_geometry":{"coordinates":[-77.28,25.03],"type":"Point"}}},{"type":"Feature","geometry":{"type":"Polygon","coordinates":[[[-77.28515625,25.029296875],[-77.28515625,25.0390625],[-77.275390625,25.0390625],[-77.275390625,25.029296875],[-77.28515625,25.029296875]]]},"properties":{"status":"OK","cell_id":434250006,"storm_name":"Noel","storm_year":2007,"storm_id":"2007297N18300","wind_speed":49.09,"event_id":"Noel_2007_2007297N18300_Historical_USA_NA","query_geometry":{"coordinates":[-77.28,25.03],"type":"Point"}}},{"type":"Feature","geometry":{"type":"Polygon","coordinates":[[[-77.28515625,25.029296875],[-77.28515625,25.0390625],[-77.275390625,25.0390625],[-77.275390625,25.029296875],[-77.28515625,25.029296875]]]},"properties":{"status":"OK","cell_id":434250006,"storm_name":"Dorian","storm_year":2019,"storm_id":"2019236N10314","wind_speed":46.6,"event_id":"Dorian_2019_2019236N10314_Historical_USA_NA","query_geometry":{"coordinates":[-77.28,25.03],"type":"Point"}}},{"type":"Feature","geometry":{"type":"Polygon","coordinates":[[[-77.28515625,25.029296875],[-77.28515625,25.0390625],[-77.275390625,25.0390625],[-77.275390625,25.029296875],[-77.28515625,25.029296875]]]},"properties":{"status":"OK","cell_id":434250006,"storm_name":"Unnamed","storm_year":1871,"storm_id":"1871224N26291","wind_speed":47.22,"event_id":"Unnamed_1871_1871224N26291_Historical_USA_NA","query_geometry":{"coordinates":[-77.28,25.03],"type":"Point"}}},{"type":"Feature","geometry":{"type":"Polygon","coordinates":[[[-77.28515625,25.029296875],[-77.28515625,25.0390625],[-77.275390625,25.0390625],[-77.275390625,25.029296875],[-77.28515625,25.029296875]]]},"properties":{"status":"OK","cell_id":434250006,"storm_name":"Betsy","storm_year":1956,"storm_id":"1956222N13313","wind_speed":47.85,"event_id":"Betsy_1956_1956222N13313_Historical_USA_NA","query_geometry":{"coordinates":[-77.28,25.03],"type":"Point"}}},{"type":"Feature","geometry":{"type":"Polygon","coordinates":[[[-77.28515625,25.029296875],[-77.28515625,25.0390625],[-77.275390625,25.0390625],[-77.275390625,25.029296875],[-77.28515625,25.029296875]]]},"properties":{"status":"OK","cell_id":434250006,"storm_name":"Unnamed","storm_year":1945,"storm_id":"1945284N14282","wind_speed":47.22,"event_id":"Unnamed_1945_1945284N14282_Historical_USA_NA","query_geometry":{"coordinates":[-77.28,25.03],"type":"Point"}}},{"type":"Feature","geometry":{"type":"Polygon","coordinates":[[[-77.28515625,25.029296875],[-77.28515625,25.0390625],[-77.275390625,25.0390625],[-77.275390625,25.029296875],[-77.28515625,25.029296875]]]},"properties":{"status":"OK","cell_id":434250006,"storm_name":"Unnamed","storm_year":1948,"storm_id":"1948278N17277","wind_speed":45.98,"event_id":"Unnamed_1948_1948278N17277_Historical_USA_NA","query_geometry":{"coordinates":[-77.28,25.03],"type":"Point"}}},{"type":"Feature","geometry":{"type":"Polygon","coordinates":[[[-77.28515625,25.029296875],[-77.28515625,25.0390625],[-77.275390625,25.0390625],[-77.275390625,25.029296875],[-77.28515625,25.029296875]]]},"properties":{"status":"OK","cell_id":434250006,"storm_name":"Isaias","storm_year":2020,"storm_id":"2020211N13306","wind_speed":45.98,"event_id":"Isaias_2020_2020211N13306_Historical_USA_NA","query_geometry":{"coordinates":[-77.28,25.03],"type":"Point"}}},{"type":"Feature","geometry":{"type":"Polygon","coordinates":[[[-77.28515625,25.029296875],[-77.28515625,25.0390625],[-77.275390625,25.0390625],[-77.275390625,25.029296875],[-77.28515625,25.029296875]]]},"properties":{"status":"OK","cell_id":434250006,"storm_name":"Unnamed","storm_year":1861,"storm_id":"1861226N21290","wind_speed":44.74,"event_id":"Unnamed_1861_1861226N21290_Historical_USA_NA","query_geometry":{"coordinates":[-77.28,25.03],"type":"Point"}}},{"type":"Feature","geometry":{"type":"Polygon","coordinates":[[[-77.28515625,25.029296875],[-77.28515625,25.0390625],[-77.275390625,25.0390625],[-77.275390625,25.029296875],[-77.28515625,25.029296875]]]},"properties":{"status":"OK","cell_id":434250006,"storm_name":"Unnamed","storm_year":1878,"storm_id":"1878287N19283","wind_speed":44.12,"event_id":"Unnamed_1878_1878287N19283_Historical_USA_NA","query_geometry":{"coordinates":[-77.28,25.03],"type":"Point"}}},{"type":"Feature","geometry":{"type":"Polygon","coordinates":[[[-77.28515625,25.029296875],[-77.28515625,25.0390625],[-77.275390625,25.0390625],[-77.275390625,25.029296875],[-77.28515625,25.029296875]]]},"properties":{"status":"OK","cell_id":434250006,"storm_name":"Unnamed","storm_year":1852,"storm_id":"1852232N21293","wind_speed":44.12,"event_id":"Unnamed_1852_1852232N21293_Historical_USA_NA","query_geometry":{"coordinates":[-77.28,25.03],"type":"Point"}}},{"type":"Feature","geometry":{"type":"Polygon","coordinates":[[[-77.28515625,25.029296875],[-77.28515625,25.0390625],[-77.275390625,25.0390625],[-77.275390625,25.029296875],[-77.28515625,25.029296875]]]},"properties":{"status":"OK","cell_id":434250006,"storm_name":"Janice","storm_year":1958,"storm_id":"1958278N19279","wind_speed":44.12,"event_id":"Janice_1958_1958278N19279_Historical_USA_NA","query_geometry":{"coordinates":[-77.28,25.03],"type":"Point"}}},{"type":"Feature","geometry":{"type":"Polygon","coordinates":[[[-77.28515625,25.029296875],[-77.28515625,25.0390625],[-77.275390625,25.0390625],[-77.275390625,25.029296875],[-77.28515625,25.029296875]]]},"properties":{"status":"OK","cell_id":434250006,"storm_name":"Unnamed","storm_year":1865,"storm_id":"1865287N11303","wind_speed":43.5,"event_id":"Unnamed_1865_1865287N11303_Historical_USA_NA","query_geometry":{"coordinates":[-77.28,25.03],"type":"Point"}}},{"type":"Feature","geometry":{"type":"Polygon","coordinates":[[[-77.28515625,25.029296875],[-77.28515625,25.0390625],[-77.275390625,25.0390625],[-77.275390625,25.029296875],[-77.28515625,25.029296875]]]},"properties":{"status":"OK","cell_id":434250006,"storm_name":"Unnamed","storm_year":1947,"storm_id":"1947247N15340","wind_speed":42.87,"event_id":"Unnamed_1947_1947247N15340_Historical_USA_NA","query_geometry":{"coordinates":[-77.28,25.03],"type":"Point"}}},{"type":"Feature","geometry":{"type":"Polygon","coordinates":[[[-77.28515625,25.029296875],[-77.28515625,25.0390625],[-77.275390625,25.0390625],[-77.275390625,25.029296875],[-77.28515625,25.029296875]]]},"properties":{"status":"OK","cell_id":434250006,"storm_name":"Unnamed","storm_year":1974,"storm_id":"1974277N21285","wind_speed":42.87,"event_id":"Unnamed_1974_1974277N21285_Historical_USA_NA","query_geometry":{"coordinates":[-77.28,25.03],"type":"Point"}}},{"type":"Feature","geometry":{"type":"Polygon","coordinates":[[[-77.28515625,25.029296875],[-77.28515625,25.0390625],[-77.275390625,25.0390625],[-77.275390625,25.029296875],[-77.28515625,25.029296875]]]},"properties":{"status":"OK","cell_id":434250006,"storm_name":"Unnamed","storm_year":1947,"storm_id":"1947282N13278","wind_speed":41.01,"event_id":"Unnamed_1947_1947282N13278_Historical_USA_NA","query_geometry":{"coordinates":[-77.28,25.03],"type":"Point"}}},{"type":"Feature","geometry":{"type":"Polygon","coordinates":[[[-77.28515625,25.029296875],[-77.28515625,25.0390625],[-77.275390625,25.0390625],[-77.275390625,25.029296875],[-77.28515625,25.029296875]]]},"properties":{"status":"OK","cell_id":434250006,"storm_name":"King","storm_year":1950,"storm_id":"1950286N16276","wind_speed":41.01,"event_id":"King_1950_1950286N16276_Historical_USA_NA","query_geometry":{"coordinates":[-77.28,25.03],"type":"Point"}}},{"type":"Feature","geometry":{"type":"Polygon","coordinates":[[[-77.28515625,25.029296875],[-77.28515625,25.0390625],[-77.275390625,25.0390625],[-77.275390625,25.029296875],[-77.28515625,25.029296875]]]},"properties":{"status":"OK","cell_id":434250006,"storm_name":"Inez","storm_year":1966,"storm_id":"1966265N10325","wind_speed":40.39,"event_id":"Inez_1966_1966265N10325_Historical_USA_NA","query_geometry":{"coordinates":[-77.28,25.03],"type":"Point"}}},{"type":"Feature","geometry":{"type":"Polygon","coordinates":[[[-77.28515625,25.029296875],[-77.28515625,25.0390625],[-77.275390625,25.0390625],[-77.275390625,25.029296875],[-77.28515625,25.029296875]]]},"properties":{"status":"OK","cell_id":434250006,"storm_name":"Isaac","storm_year":2012,"storm_id":"2012234N16315","wind_speed":41.01,"event_id":"Isaac_2012_2012234N16315_Historical_USA_NA","query_geometry":{"coordinates":[-77.28,25.03],"type":"Point"}}},{"type":"Feature","geometry":{"type":"Polygon","coordinates":[[[-77.28515625,25.029296875],[-77.28515625,25.0390625],[-77.275390625,25.0390625],[-77.275390625,25.029296875],[-77.28515625,25.029296875]]]},"properties":{"status":"OK","cell_id":434250006,"storm_name":"Sandy","storm_year":2012,"storm_id":"2012296N14283","wind_speed":41.01,"event_id":"Sandy_2012_2012296N14283_Historical_USA_NA","query_geometry":{"coordinates":[-77.28,25.03],"type":"Point"}}},{"type":"Feature","geometry":{"type":"Polygon","coordinates":[[[-77.28515625,25.029296875],[-77.28515625,25.0390625],[-77.275390625,25.0390625],[-77.275390625,25.029296875],[-77.28515625,25.029296875]]]},"properties":{"status":"OK","cell_id":434250006,"storm_name":"Unnamed","storm_year":1856,"storm_id":"1856235N13302","wind_speed":39.77,"event_id":"Unnamed_1856_1856235N13302_Historical_USA_NA","query_geometry":{"coordinates":[-77.28,25.03],"type":"Point"}}},{"type":"Feature","geometry":{"type":"Polygon","coordinates":[[[-77.28515625,25.029296875],[-77.28515625,25.0390625],[-77.275390625,25.0390625],[-77.275390625,25.029296875],[-77.28515625,25.029296875]]]},"properties":{"status":"OK","cell_id":434250006,"storm_name":"Unnamed","storm_year":1879,"storm_id":"1879225N13302","wind_speed":39.77,"event_id":"Unnamed_1879_1879225N13302_Historical_USA_NA","query_geometry":{"coordinates":[-77.28,25.03],"type":"Point"}}},{"type":"Feature","geometry":{"type":"Polygon","coordinates":[[[-77.28515625,25.029296875],[-77.28515625,25.0390625],[-77.275390625,25.0390625],[-77.275390625,25.029296875],[-77.28515625,25.029296875]]]},"properties":{"status":"OK","cell_id":434250006,"storm_name":"Floyd","storm_year":1987,"storm_id":"1987282N15277","wind_speed":39.77,"event_id":"Floyd_1987_1987282N15277_Historical_USA_NA","query_geometry":{"coordinates":[-77.28,25.03],"type":"Point"}}},{"type":"Feature","geometry":{"type":"Polygon","coordinates":[[[-77.28515625,25.029296875],[-77.28515625,25.0390625],[-77.275390625,25.0390625],[-77.275390625,25.029296875],[-77.28515625,25.029296875]]]},"properties":{"status":"OK","cell_id":434250006,"storm_name":"Unnamed","storm_year":1946,"storm_id":"1946305N22287","wind_speed":38.53,"event_id":"Unnamed_1946_1946305N22287_Historical_USA_NA","query_geometry":{"coordinates":[-77.28,25.03],"type":"Point"}}},{"type":"Feature","geometry":{"type":"Polygon","coordinates":[[[-77.28515625,25.029296875],[-77.28515625,25.0390625],[-77.275390625,25.0390625],[-77.275390625,25.029296875],[-77.28515625,25.029296875]]]},"properties":{"status":"OK","cell_id":434250006,"storm_name":"Rita","storm_year":2005,"storm_id":"2005261N21290","wind_speed":37.9,"event_id":"Rita_2005_2005261N21290_Historical_USA_NA","query_geometry":{"coordinates":[-77.28,25.03],"type":"Point"}}}],"header":{"product":"Metryc Historical v1.0.5","scenario":"historical_reproduction","time":null,"wind_speed_units":"mph","terrain_correction":"open_water","wind_speed_averaging_period":"1_minute","tag":""}}
